"FairName";"FairStatus";"FairTotalArea";"SeatsNumber";"FairType";"Goods";"AdmArea";"District";"WorkingHours";"FunctionalZoning";"AdditionalInformation";"global_id";"geoData";"geodata_center";
"Наименование ярмарки";"Статус площадки";"Общая площадь площадки";"Количество мест";"Вид площадки";"Перечень товаров";"Административный округ";"Район";"График работы";"Функциональное зонирование";"Дополнительные сведения";"global_id";"geoData";"geodata_center";
"Святоозерская ул., вл.1";"Действующий";"597";"30";"Межрегиональная ярмарка";"Сельскохозяйственные и продовольственные товары";"Восточный административный округ";"район Косино-Ухтомский";"nested data";"22f3439d-a4a5-49b4-96ec-541c4970e0ed";"";"1031068007";"{coordinates=[37.880478, 55.714230745], type=Point}";"";
"Городецкая ул, вл.1";"Действующий";"692.4";"20";"Межрегиональная ярмарка";"Сельскохозяйственные и продовольственные товары";"Восточный административный округ";"район Новокосино";"nested data";"049d7715-5d17-4549-9c47-c37e6b62d36c";"";"1031068008";"{coordinates=[37.866786, 55.743804754], type=Point}";"";
"Раменки ул, вл. 3";"Действующий";"1279";"30";"Межрегиональная ярмарка";"Сельскохозяйственные и продовольственные товары";"Западный административный округ";"район Раменки";"nested data";"56ed6fb1-bdc4-4015-b807-2f5fe35c789c";"";"1031068009";"{coordinates=[37.496003, 55.694114], type=Point}";"";
"Академика Скрябина ул., вл. 4";"Действующий";"633";"14";"Межрегиональная ярмарка";"Сельскохозяйственные и продовольственные товары";"Юго-Восточный административный округ";"Рязанский район";"nested data";"397af42d-370f-4461-bf70-1d7516232a04";"";"1031068010";"{coordinates=[37.794936, 55.715024746], type=Point}";"";
"Ярославское шоссе, вл. 111";"Действующий";"742.1";"30";"Межрегиональная ярмарка";"Сельскохозяйственные и продовольственные товары";"Северо-Восточный административный округ";"Ярославский район";"nested data";"256fc954-ce65-464a-82b2-21ef8489a0e9";"";"1031068011";"{coordinates=[37.708287, 55.870954791], type=Point}";"";
"Волгоградский пр-т, вл. 119";"Действующий";"328.1";"14";"Межрегиональная ярмарка";"Сельскохозяйственные и продовольственные товары";"Юго-Восточный административный округ";"район Кузьминки";"nested data";"61268394-7788-4c52-9fb7-2febad0c58d8";"";"1031068012";"{coordinates=[37.763327, 55.706383743], type=Point}";"";
"Милашенкова ул, вл. 14";"Действующий";"1698";"30";"Межрегиональная ярмарка";"Сельскохозяйственные и продовольственные товары";"Северо-Восточный административный округ";"Бутырский район";"nested data";"fc5c20a2-f0fe-4e40-81ad-b5e0bcfa67f5";"";"1031068013";"{coordinates=[37.580974, 55.827907], type=Point}";"";
"Алтуфьевское шоссе, вл. 30Г";"Действующий";"994";"14";"Межрегиональная ярмарка";"Сельскохозяйственные и продовольственные товары";"Северо-Восточный административный округ";"район Отрадное";"nested data";"30d56eb3-3a5c-4c60-a055-7dad41e336fe";"";"1031068014";"{coordinates=[37.585421, 55.86585], type=Point}";"";
"Перерва ул, вл. 52";"Действующий";"815.21";"20";"Межрегиональная ярмарка";"Сельскохозяйственные и продовольственные товары";"Юго-Восточный административный округ";"район Марьино";"nested data";"84489c53-d2c5-42a3-9452-ff35e4b61020";"";"1031068015";"{coordinates=[37.743981, 55.65746], type=Point}";"";
"Отрадная ул., вл. 16";"Действующий";"2015";"24";"Межрегиональная ярмарка";"Сельскохозяйственные и продовольственные товары";"Северо-Восточный административный округ";"район Отрадное";"nested data";"4ba87a97-bbaf-4c4e-8565-b7ab59e40d8f";"";"1031068016";"{coordinates=[37.614024, 55.855649], type=Point}";"";
"Зеленый пр-т, вл. 2";"Действующий";"878.7";"24";"Межрегиональная ярмарка";"Сельскохозяйственные и продовольственные товары";"Восточный административный округ";"район Перово";"nested data";"e65583e9-ef77-480b-8fff-56093ba87c91";"";"1031068017";"{coordinates=[37.766639, 55.747252], type=Point}";"";
"Домодедовская ул, вл. 12";"Действующий";"3027";"14";"Межрегиональная ярмарка";"Сельскохозяйственные и продовольственные товары";"Южный административный округ";"район Орехово-Борисово Северное";"nested data";"05c35415-4285-4ddf-892a-33add3057de7";"";"1031068018";"{coordinates=[37.706351, 55.613754716], type=Point}";"";
"Ватутина ул., вл. 18, к. 2";"Действующий";"846.7";"30";"Межрегиональная ярмарка";"Сельскохозяйственные и продовольственные товары";"Западный административный округ";"район Фили-Давыдково";"nested data";"ace1efba-f663-4cab-ab49-65e50e9be6bd";"";"1031068019";"{coordinates=[37.451545, 55.721745], type=Point}";"";
"Бульварная зона 16 мкрн (у корп. 1606)";"Действующий";"472.15";"14";"Межрегиональная ярмарка";"Сельскохозяйственные и продовольственные товары";"Зеленоградский административный округ";"район Крюково";"nested data";"7379f7c6-d1a0-4eba-8513-651ddeaccdda";"";"1031068020";"{coordinates=[37.150691, 55.97676], type=Point}";"";
"Полярная ул, вл. 10";"Действующий";"1342";"14";"Межрегиональная ярмарка";"Сельскохозяйственные и продовольственные товары";"Северо-Восточный административный округ";"район Южное Медведково";"nested data";"bd48c2a4-4a6e-4c72-adb4-3ef133727cc5";"";"1031068021";"{coordinates=[37.639164, 55.874435792], type=Point}";"";
"Челябинская ул., вл. 15";"Действующий";"1539";"30";"Межрегиональная ярмарка";"Сельскохозяйственные и продовольственные товары";"Восточный административный округ";"район Ивановское";"nested data";"01eb730f-b63a-46bf-8fa0-ef06ac574de8";"";"1031068022";"{coordinates=[37.828377, 55.778734], type=Point}";"";
"Сквер у Гольяновского пруда";"Действующий";"814.09";"30";"Межрегиональная ярмарка";"Сельскохозяйственные и продовольственные товары";"Восточный административный округ";"район Гольяново";"nested data";"7bd79ba1-b942-41c1-b25f-d085d382f81c";"";"1031068023";"{coordinates=[37.800203, 55.821453], type=Point}";"";
"Большой Николопесковский переулок, вл. 8";"Действующий";"273";"6";"Межрегиональная ярмарка";"Сельскохозяйственные и продовольственные товары";"Центральный административный округ";"район Арбат";"nested data";"d3ea567b-e4d9-47c3-8132-5700e4289147";"";"1031068026";"{coordinates=[37.590903, 55.750334756], type=Point}";"";
"Семеновская площадь, вл. 4";"Действующий";"2959";"68";"Межрегиональная ярмарка";"Сельскохозяйственные и продовольственные товары";"Восточный административный округ";"район Соколиная Гора";"nested data";"8172b38d-f4e5-486f-a917-94e93f8b63e8";"";"1031068027";"{coordinates=[37.720996, 55.781874], type=Point}";"";
"Матвеевская ул., вл. 2";"Действующий";"905.89";"30";"Межрегиональная ярмарка";"Сельскохозяйственные и продовольственные товары";"Западный административный округ";"район Очаково-Матвеевское";"nested data";"20c68dd8-f6c0-417e-b93d-966aefde0db6";"";"1031068028";"{coordinates=[37.472433, 55.705780743], type=Point}";"";
"Старокачаловская ул., вл. 5а";"Действующий";"3040";"30";"Межрегиональная ярмарка";"Сельскохозяйственные и продовольственные товары";"Юго-Западный административный округ";"район Северное Бутово";"nested data";"4e2171f0-2785-4e16-a199-a6b452a7acc4";"";"1031068029";"{coordinates=[37.578038, 55.570755], type=Point}";"";
"Проезд Березовой Рощи, вл. 2 (напротив)";"Действующий";"831.51";"30";"Межрегиональная ярмарка";"Сельскохозяйственные и продовольственные товары";"Северный административный округ";"Хорошёвский район";"nested data";"532e6531-88f3-4a0c-8bee-6dbde99a3c6e";"";"1031068030";"{coordinates=[37.519691, 55.785277], type=Point}";"";
"Профсоюзная ул, вл. 41";"Действующий";"9645";"39";"Межрегиональная ярмарка";"Сельскохозяйственные и продовольственные товары";"Юго-Западный административный округ";"район Черёмушки";"nested data";"880d9f22-a4eb-4b54-b8e7-4284928ebaf2";"";"1031214704";"{coordinates=[37.554881, 55.669134], type=Point}";"";
"Пролетарский пр-т, вл. 24";"Действующий";"995";"14";"Межрегиональная ярмарка";"Сельскохозяйственные и продовольственные товары";"Южный административный округ";"район Царицыно";"nested data";"c32e1af0-183e-4809-a702-c2c5a8dd9376";"";"1031214705";"{coordinates=[37.658205, 55.63304], type=Point}";"";
"Михневская ул., вл. 9, к. 1";"Действующий";"1172";"14";"Межрегиональная ярмарка";"Сельскохозяйственные и продовольственные товары";"Южный административный округ";"район Бирюлёво Восточное";"nested data";"99f3e24d-2662-4501-87cc-bfa3f49eaa37";"";"1031214717";"{coordinates=[37.662158, 55.582725], type=Point}";"";
"Юных Ленинцев ул., вл. 52";"Действующий";"1142";"44";"Межрегиональная ярмарка";"Сельскохозяйственные и продовольственные товары";"Юго-Восточный административный округ";"район Кузьминки";"nested data";"e279542c-5f7d-4454-a2fb-b273e6ba2f88";"";"1031214718";"{coordinates=[37.766117, 55.699807741], type=Point}";"";
"Бакунинская ул., вл. 24";"Действующий";"1551";"14";"Межрегиональная ярмарка";"Сельскохозяйственные и продовольственные товары";"Центральный административный округ";"Басманный район";"nested data";"0c394ffb-eeac-4a13-84df-399ae93249c5";"";"1031265518";"{coordinates=[37.682647, 55.774162], type=Point}";"";
"Саляма Адиля ул., вл. 4";"Действующий";"2100";"14";"Межрегиональная ярмарка";"Сельскохозяйственные и продовольственные товары";"Северо-Западный административный округ";"район Хорошёво-Мнёвники";"nested data";"632cf4c0-8d3b-4a22-bf3e-8c4d32f277e4";"";"1048013436";"{coordinates=[37.467953, 55.775496763], type=Point}";"";
"Булатниковский проезд, вл. 14";"Действующий";"2464";"30";"Межрегиональная ярмарка";"Сельскохозяйственные и продовольственные товары";"Южный административный округ";"район Бирюлёво Западное";"nested data";"b0cbec17-8150-447d-847b-41fdc35b1a96";"";"1048013443";"{coordinates=[37.658888, 55.581928], type=Point}";"";
"Пересечечение Дмитровского шоссе и ул. Лобненская";"Действующий";"1202";"14";"Межрегиональная ярмарка";"Сельскохозяйственные и продовольственные товары";"Северный административный округ";"Дмитровский район";"nested data";"6dd8a1ac-528d-414a-9bef-a12102b6c1e5";"";"1048013447";"{coordinates=[37.541805, 55.889635], type=Point}";"";
"Барвихинская ул., вл. 6";"Действующий";"711";"14";"Межрегиональная ярмарка";"Сельскохозяйственные и продовольственные товары";"Западный административный округ";"Можайский район";"nested data";"19b3fc3a-02eb-4a32-9be5-c289a678dc28";"";"1048040394";"{coordinates=[37.39056, 55.715636], type=Point}";"";
"Ст.м. Алма-Атинская";"Действующий";"916.05";"30";"Межрегиональная ярмарка";"Сельскохозяйственные и продовольственные товары";"Южный административный округ";"район Братеево";"nested data";"e4628bfb-77dd-4ec8-b307-c482d7155032";"Ключевая";"1060350452";"{coordinates=[37.762587, 55.632377722], type=Point}";"";
"Ореховый бульвар, вл. 24";"Действующий";"2880";"14";"Межрегиональная ярмарка";"Сельскохозяйственные и продовольственные товары";"Южный административный округ";"район Зябликово";"nested data";"2018d46d-29c7-4f06-9cc4-a916d8e739b5";"";"1060350454";"{coordinates=[37.743565, 55.612987], type=Point}";"";
"Пересечение ул. Соколово-Мещерская и ул. Юровская";"Действующий";"1106.53";"30";"Межрегиональная ярмарка";"Сельскохозяйственные и продовольственные товары";"Северо-Западный административный округ";"район Куркино";"nested data";"78e21bce-a914-4a3b-940b-7891d8b2b501";"";"1060351061";"{coordinates=[37.386985, 55.899119], type=Point}";"";
"Нижняя Масловка ул., вл. 2";"Действующий";"1118";"14";"Межрегиональная ярмарка";"Сельскохозяйственные и продовольственные товары";"Северный административный округ";"Савёловский район";"nested data";"06245c96-b357-4578-8a4c-fa273331fe64";"";"1073210883";"{coordinates=[37.583227, 55.792618], type=Point}";"";
"Бескудниковский бульвар, вл. 59";"Действующий";"1234";"14";"Межрегиональная ярмарка";"Сельскохозяйственные и продовольственные товары";"Северный административный округ";"Бескудниковский район";"nested data";"89f2c575-c091-42d2-8b0f-fe495f2c531b";"";"1073210885";"{coordinates=[37.531767, 55.874578792], type=Point}";"";
"Костромская ул., вл. 20";"Действующий";"1672";"14";"Межрегиональная ярмарка";"Сельскохозяйственные и продовольственные товары";"Северо-Восточный административный округ";"Алтуфьевский район";"nested data";"e8b06f0c-9cc9-4628-8876-f5607ebc65d5";"";"1073210886";"{coordinates=[37.601735, 55.883235], type=Point}";"";
"Свободы ул., вл. 57";"Действующий";"2250";"30";"Межрегиональная ярмарка";"Сельскохозяйственные и продовольственные товары";"Северо-Западный административный округ";"район Южное Тушино";"nested data";"48d25595-d38f-4337-92a0-399b323b513a";"";"1073210887";"{coordinates=[37.451095, 55.850756], type=Point}";"";
"Дубнинская ул., вл.8А";"Действующий";"1498";"14";"Межрегиональная ярмарка";"Сельскохозяйственные и продовольственные товары";"Северный административный округ";"район Восточное Дегунино";"nested data";"00b8fdae-2b63-4c57-a94f-e30b00574254";"";"1080974410";"{coordinates=[37.570858, 55.862970789], type=Point}";"";
"Чоботовская ул., вл. 1";"Действующий";"980";"14";"Межрегиональная ярмарка";"Сельскохозяйственные и продовольственные товары";"Западный административный округ";"район Ново-Переделкино";"nested data";"49338cf2-6296-4acd-98f6-dd29cfa12052";"";"1080974411";"{coordinates=[37.355025, 55.643097], type=Point}";"";
"Коптевский бульвар, вл.18 (парк Бригантина)";"Действующий";"462.84";"12";"Межрегиональная ярмарка";"Сельскохозяйственные и продовольственные товары";"Северный административный округ";"район Коптево";"nested data";"1c87233b-6339-4e4a-bd78-e4691f21c2c3";"";"1080974412";"{coordinates=[37.525652, 55.831218], type=Point}";"";
"Россошанский проезд, вл.8, к.2";"Действующий";"3988";"30";"Межрегиональная ярмарка";"Сельскохозяйственные и продовольственные товары";"Южный административный округ";"район Чертаново Южное";"nested data";"e2e50b0c-85c3-462d-9fd9-677f202569ef";"";"1080974415";"{coordinates=[37.604463, 55.595667], type=Point}";"";
"Яблоневая аллея, между корп. 317А и 313Б";"Действующий";"2398";"30";"Межрегиональная ярмарка";"Сельскохозяйственные и продовольственные товары";"Зеленоградский административный округ";"район Савёлки";"nested data";"f19a96d5-b790-4dd4-8aed-4a421efbc767";"";"1081849895";"{coordinates=[37.222134, 55.995075], type=Point}";"";
"Липецкая ул., (дублер)";"Действующий";"795.5";"30";"Межрегиональная ярмарка";"Сельскохозяйственные и продовольственные товары";"Южный административный округ";"район Бирюлёво Восточное";"nested data";"62435881-44f9-4698-8aa3-072f22d014c7";"";"1104196369";"{coordinates=[37.681837, 55.581134], type=Point}";"";
"Кетчерская ул., вл.4Б (напротив)";"Действующий";"1904";"14";"Межрегиональная ярмарка";"Сельскохозяйственные и продовольственные товары";"Восточный административный округ";"район Вешняки";"nested data";"d90a3aee-c8e0-4a2e-8cc8-23db5a23f915";"";"1104196373";"{coordinates=[37.819271, 55.743866], type=Point}";"";
"Октябрьская ул., вл. 42";"Действующий";"1331";"14";"Межрегиональная ярмарка";"Сельскохозяйственные и продовольственные товары";"Северо-Восточный административный округ";"район Марьина Роща";"nested data";"1ca0fc85-18d7-4c23-a63c-be5142e0032b";"";"1124870722";"{coordinates=[37.61371, 55.792761], type=Point}";"";
"Южнобутовская ул.";"Действующий";"1208";"14";"Межрегиональная ярмарка";"Сельскохозяйственные и продовольственные товары";"Юго-Западный административный округ";"район Южное Бутово";"nested data";"5b9fb228-03b3-4551-a4f9-0d6016930d76";"";"1125827624";"{coordinates=[37.532477, 55.541152], type=Point}";"";
"Митинская ул., вл.56";"Действующий";"434";"14";"Межрегиональная ярмарка";"Сельскохозяйственные и продовольственные товары";"Северо-Западный административный округ";"район Митино";"nested data";"b42828a0-3aa8-4a82-88f6-80ae526c83bb";"";"1125827625";"{coordinates=[37.354434, 55.854318], type=Point}";"";
"Саранская ул., вл.7";"Действующий";"2270";"14";"Межрегиональная ярмарка";"Сельскохозяйственные и продовольственные товары";"Юго-Восточный административный округ";"район Выхино-Жулебино";"nested data";"cb4938af-67c0-4048-81b1-1e5681c5be01";"";"1125827626";"{coordinates=[37.859231, 55.69221], type=Point}";"";
"Пришвина ул., вл. 3";"Действующий";"954";"14";"Межрегиональная ярмарка";"Сельскохозяйственные и продовольственные товары";"Северо-Восточный административный округ";"район Бибирево";"nested data";"931d59a0-f62c-4600-82ad-2dbe9c913bc0";"";"1139161926";"{coordinates=[37.592142, 55.889839], type=Point}";"";
"Ул. Богданова, вл. 50";"Действующий";"483.97";"14";"Межрегиональная ярмарка";"Сельскохозяйственные и продовольственные товары";"Западный административный округ";"район Солнцево";"nested data";"6343f828-46e8-4e4e-bc92-ced4973cf77f";"";"1139164645";"{coordinates=[37.393886, 55.649935], type=Point}";"";
"Ул. Москворечье, вл.14";"Действующий";"1870";"14";"Межрегиональная ярмарка";"Сельскохозяйственные и продовольственные товары";"Южный административный округ";"район Москворечье-Сабурово";"nested data";"ebab595c-6773-4196-abb2-770dc9acc336";"";"1139164650";"{coordinates=[37.663538, 55.644652], type=Point}";"";
"Сквер по ул. Хачатуряна";"Действующий";"432.2";"14";"Межрегиональная ярмарка";"Сельскохозяйственные и продовольственные товары";"Северо-Восточный административный округ";"район Отрадное";"nested data";"b2156b49-8047-4040-9252-b5d098645074";"";"1139496498";"{coordinates=[37.601637, 55.860922], type=Point}";"";
"Большая Черкизовская ул., вл. 125";"Действующий";"501.21";"14";"Межрегиональная ярмарка";"Сельскохозяйственные и продовольственные товары";"Восточный административный округ";"район Преображенское";"nested data";"bdf09147-69f1-422a-a71d-66545f314e9d";"";"1266566930";"{coordinates=[37.744585, 55.802032], type=Point}";"";
"Электролитный проезд,вл. 16А";"Действующий";"542";"14";"Межрегиональная ярмарка";"Сельскохозяйственные и продовольственные товары";"Южный административный округ";"Нагорный район";"nested data";"86c26f58-1271-421a-9807-d3e456e28faf";"";"1266743451";"{coordinates=[37.613278, 55.670383733], type=Point}";"";
"Ст.метро Некрасовка";"Действующий";"555.18";"30";"Межрегиональная ярмарка";"Сельскохозяйственные и продовольственные товары";"Юго-Восточный административный округ";"район Некрасовка";"nested data";"dae2b38a-a78a-4491-b56d-7e1a06edbd31";"";"1274067158";"{coordinates=[37.928758538, 55.70563732], type=Point}";"";
"Сокольнический Вал, вл. 40 (напротив)";"Действующий";"394.17";"14";"Межрегиональная ярмарка";"Сельскохозяйственные и продовольственные товары";"Восточный административный округ";"район Сокольники";"nested data";"d5321cf2-1800-45d6-b2e1-e2bc443b1e84";"";"2365352766";"{coordinates=[37.67059, 55.791867768], type=Point}";"";
"Вблизи ул. Железнодорожная, вл. 2Ас1";"Действующий";"528";"14";"Межрегиональная ярмарка";"Сельскохозяйственные и продовольственные товары";"Новомосковский административный округ";"поселение Щербинка";"nested data";"5b3b23a3-337b-4e6e-a278-1d74e28258ed";"";"2369722817";"{coordinates=[37.562231, 55.507828], type=Point}";"";
"Сумской проезд, вл.2Б";"Действующий";"746.73";"30";"Межрегиональная ярмарка";"Сельскохозяйственные и продовольственные товары";"Южный административный округ";"район Чертаново Северное";"nested data";"82a66ce0-f729-49d5-bc15-d9053cacac5a";"";"2379769846";"{coordinates=[37.613506, 55.633684722], type=Point}";"";
"Рублевское шоссе, вл. 50";"Действующий";"458.6";"14";"Межрегиональная ярмарка";"Сельскохозяйственные и продовольственные товары";"Западный административный округ";"район Крылатское";"nested data";"134e106a-afaa-4802-b807-7a1f6cb1dd04";"";"2386763576";"{coordinates=[37.40667, 55.754734757], type=Point}";"";
"Академика Лисицына, вл. 13";"Действующий";"420.17";"14";"Межрегиональная ярмарка";"Сельскохозяйственные и продовольственные товары";"Северный административный округ";"Тимирязевский район";"nested data";"5bc803aa-d2a1-4c88-9f51-32cdab95572c";"";"2386763580";"{coordinates=[37.571633, 55.817405], type=Point}";"";
"Коровинское шоссе, вл.7, к.1";"Действующий";"469.24";"14";"Межрегиональная ярмарка";"Сельскохозяйственные и продовольственные товары";"Северный административный округ";"район Западное Дегунино";"nested data";"f128c168-6301-4f32-aa50-86bac428d60d";"";"2452485306";"{coordinates=[37.537907, 55.868095], type=Point}";"";
"Тихорецкий бульвар, вл. 1, стр.2";"Действующий";"891.68";"30";"Межрегиональная ярмарка";"Сельскохозяйственные и продовольственные товары";"Юго-Восточный административный округ";"район Люблино";"nested data";"fe1f457b-0f56-414d-9c84-861aaa32f061";"";"2452485307";"{coordinates=[37.777663, 55.678929], type=Point}";"";
"проезд Серебрякова, вл.14 стр. 23 ( напротив)";"Действующий";"420.17";"14";"Межрегиональная ярмарка";"Сельскохозяйственные и продовольственные товары";"Северо-Восточный административный округ";"район Свиблово";"nested data";"81917669-175c-493c-ad9c-0e8a7805cf35";"";"2588200869";"{coordinates=[37.656365, 55.847905], type=Point}";"";
"Таллинская ул., вл. 7";"Действующий";"465";"14";"Межрегиональная ярмарка";"Сельскохозяйственные и продовольственные товары";"Северо-Западный административный округ";"район Строгино";"nested data";"3c12204c-a9e5-4501-86ce-c4f3c2f959da";"";"2591878441";"{coordinates=[37.396181, 55.80042377], type=Point}";"";
"Мичуринский пр-т, Олимпийская деревня, вл. 4";"Действующий";"423.7";"14";"Межрегиональная ярмарка";"Сельскохозяйственные и продовольственные товары";"Западный административный округ";"район Тропарёво-Никулино";"nested data";"8e26aafd-bc17-452e-b8c5-602ceebcbf17";"";"2622005588";"{coordinates=[37.470069, 55.674402], type=Point}";"";
"Авиационная ул., вл. 24";"Действующий";"566.06";"30";"Межрегиональная ярмарка";"Сельскохозяйственные и продовольственные товары";"Северо-Западный административный округ";"район Щукино";"nested data";"eca9d0c1-abec-42cc-bd6c-739186b781b6";"";"2631590727";"{coordinates=[37.467845, 55.810715773], type=Point}";"";
"Кварцевая ул., д. 2, к. 3";"Действующий";"2200";"18";"Межрегиональная ярмарка";"Сельскохозяйственные и продовольственные товары";"Новомосковский административный округ";"поселение Десеновское";"nested data";"95af562e-9d4a-4cf5-8cc1-7090eb6db519";"";"2639585335";"{coordinates=[37.334681, 55.490483681], type=Point}";"";
"Греков ул., у ст.м. Медведково";"Действующий";"563.17";"14";"Межрегиональная ярмарка";"Сельскохозяйственные и продовольственные товары";"Северо-Восточный административный округ";"район Северное Медведково";"nested data";"ee29dcc3-d173-4ed7-b343-4828c00224d0";"";"2640958235";"{coordinates=[37.661408, 55.885856795], type=Point}";"";
"Чичерина ул. (сквер)";"Действующий";"523.69";"14";"Межрегиональная ярмарка";"Сельскохозяйственные и продовольственные товары";"Северо-Восточный административный округ";"Бабушкинский район";"nested data";"b6645fa1-739f-4236-a43d-ec4502b75e75";"";"2661843644";"{coordinates=[37.653813, 55.865502789], type=Point}";"";
"Таймырская ул., вл. 3";"Действующий";"620";"14";"Межрегиональная ярмарка";"Сельскохозяйственные и продовольственные товары";"Северо-Восточный административный округ";"Лосиноостровский район";"nested data";"600c7272-3ee5-4972-94d6-c398e900670c";"";"2666347212";"{coordinates=[37.699539, 55.884461795], type=Point}";"";
